899-20-3538,David Garcia
536-76-9116,John Miller
895-62-4799,Jane Williams
451-94-7691,John Smith
520-45-8772,Laura Davis
993-44-8489,David Clark
548-54-2624,Chris Miller
988-84-5173,Alex Jones
270-19-8014,Jessica Smith
310-88-3665,Alex Martinez
397-82-8008,Michael Clark
501-18-3838,Alex Jones
235-62-7088,John Clark
904-42-6095,Jane Garcia
668-91-8361,Emily Jones
546-39-5732,Emily Smith
382-13-8856,Michael Williams
293-93-6952,John Davis
471-61-9953,Michael Jones
888-88-1163,Jane Clark
152-94-3904,John Jones
524-43-9359,David Miller
689-28-6456,John Clark
538-89-2302,Emily Brown
827-48-9850,Chris Jones
773-95-1928,Sarah Martinez
391-11-1162,David Johnson
563-13-6473,Laura Johnson
316-72-3200,Jessica Johnson
314-65-2186,Alex Johnson
922-94-4563,John Clark
948-17-7803,Sarah Williams
217-12-3593,Chris Johnson
537-23-3024,John Johnson
312-16-8079,David Martinez
554-51-6733,Emily Clark
137-50-5393,Alex Davis
449-23-7723,Michael Miller
551-25-8978,Emily Martinez
934-20-3641,Jessica Johnson
706-37-3267,Emily Davis
766-63-8335,Laura Davis
358-54-4521,Laura Clark
660-69-6510,David Johnson
990-13-3900,Laura Johnson
937-60-4269,Michael Williams
936-66-6550,Jessica Miller
930-16-4313,John Martinez
192-14-1419,John Davis
929-84-1594,Laura Martinez
439-12-3167,Jessica Miller
845-60-5716,Michael Clark
809-33-9002,Jane Smith
122-31-2103,Jessica Davis
594-14-1700,Chris Clark
149-78-7130,Emily Jones
113-49-5111,Jessica Smith
687-13-9798,Sarah Jones
191-28-4311,John Davis
904-81-9898,Jane Jones
955-31-1127,John Johnson
828-22-3916,Sarah Garcia
282-40-8898,Sarah Miller
768-49-2312,Sarah Martinez
494-72-8768,Emily Jones
391-66-6576,Michael Clark
190-69-2367,David Smith
187-60-5853,Jessica Clark
931-48-6115,David Williams
187-60-1641,Emily Miller
796-25-7035,John Clark
961-18-4112,Sarah Martinez
138-46-8960,Jane Miller
399-22-9698,Laura Williams
734-27-2938,Jane Jones
748-80-5229,Jessica Johnson
635-40-2400,Emily Jones
786-90-5028,Chris Miller
985-79-2064,John Davis
348-43-3822,Alex Davis
120-31-2255,Chris Garcia
235-36-9104,Laura Davis
842-39-4372,Michael Williams
804-48-8351,Michael Johnson
658-92-5261,Laura Brown
814-36-2702,David Jones
782-76-4126,John Brown
298-78-1991,John Johnson
841-87-8542,Laura Smith
228-78-1937,Alex Davis
979-68-9305,John Jones
632-19-5153,Sarah Miller
668-74-3181,Chris Miller
907-95-7345,Alex Johnson
778-45-1428,Laura Brown
952-94-2282,Jessica Clark
479-32-2559,David Miller
213-10-6670,Michael Brown
114-46-7673,Sarah Miller
878-22-8304,Jane Johnson
305-34-8889,Sarah Johnson
524-74-9998,Jessica Clark
512-65-3494,Laura Jones
889-29-3655,Alex Miller
308-79-4293,Chris Williams
870-61-4085,Michael Garcia
648-89-4245,Michael Clark
111-32-2058,David Garcia
989-92-3372,Sarah Clark
214-65-1946,John Brown
976-50-7783,Jessica Davis
135-58-5310,John Martinez
122-18-9917,John Johnson
615-84-9613,Michael Clark
826-93-7998,David Johnson
481-10-1110,Chris Johnson
204-15-5264,John Davis
915-76-9402,Alex Smith
182-66-8473,Chris Williams
557-77-6312,Emily Jones
156-56-1729,David Johnson
860-99-9533,Laura Miller
769-18-8450,Jessica Davis
786-54-3189,Alex Williams
400-99-2515,John Jones
736-11-2008,Chris Miller
772-31-9742,Alex Jones
211-56-7216,Chris Davis
160-18-6267,Emily Clark
661-58-9937,Sarah Johnson
924-52-1147,Emily Martinez
360-70-7345,Jane Clark
689-18-5125,Jane Johnson
552-85-3254,Jane Jones
720-53-9520,Alex Williams
749-16-5165,Chris Davis
737-63-7432,Chris Brown
145-17-5372,John Brown
348-59-1949,Sarah Smith
154-41-8492,Alex Clark
975-48-3775,Jessica Smith
746-37-1915,David Clark
438-42-4692,Michael Johnson
531-13-8979,Chris Garcia
214-85-8335,Sarah Miller
524-88-4028,Sarah Davis
871-18-5196,David Johnson
307-59-1830,John Jones
763-18-9247,Laura Johnson
869-94-8379,John Clark
160-39-8211,David Williams
730-35-7875,Sarah Miller
989-88-5667,Emily Brown
664-94-7970,John Clark
173-36-3475,Michael Brown
717-54-1933,Sarah Martinez
881-11-3077,Michael Smith
147-68-8203,Michael Martinez
161-53-1103,Jessica Martinez
331-62-2461,Emily Martinez
109-88-6005,Jessica Brown
953-58-9427,Jessica Davis
135-61-3983,Chris Smith
947-36-4089,Jessica Smith
949-80-1614,Laura Miller
989-51-4107,Jane Miller
752-72-2340,Emily Garcia
482-82-2633,Emily Johnson
354-69-7986,Laura Jones
297-68-3241,Chris Williams
960-32-1838,Jessica Davis
713-83-8895,Emily Garcia
204-34-6807,Laura Johnson
617-27-8211,Chris Garcia
867-69-1056,Emily Jones
920-88-9430,Chris Williams
783-41-8800,Emily Jones
518-91-2124,John Smith
169-44-6914,Michael Miller
268-97-2771,Chris Brown
639-99-5498,Jane Brown
659-91-2177,Alex Johnson
401-26-1372,Laura Jones
448-46-3945,Sarah Smith
144-34-7440,Chris Brown
114-37-1093,Chris Brown
675-93-7153,Laura Williams
293-12-7456,Sarah Johnson
490-52-8351,Laura Johnson
396-20-7751,Sarah Smith
328-99-9201,Chris Brown
329-60-7030,Jane Martinez
783-36-4554,John Garcia
131-54-4767,David Garcia
273-62-5217,Laura Jones
669-21-8121,Michael Brown
224-99-4854,Sarah Johnson
471-88-6059,Chris Williams
574-91-4050,Emily Clark
865-20-8681,Sarah Martinez
275-45-1388,Michael Martinez
199-38-9328,Jessica Johnson
646-87-5804,Jane Garcia
497-92-6161,Michael Davis
290-66-4298,Jane Martinez
122-44-4808,Laura Martinez
234-96-9369,Michael Garcia
313-53-3866,Chris Davis
875-12-1378,Sarah Davis
983-77-3444,Jessica Miller
593-42-9164,Michael Martinez
891-39-3053,David Davis
539-24-4053,Alex Clark
332-90-1964,Emily Smith
917-44-6309,Sarah Jones
924-69-4251,Michael Davis
966-35-4219,David Johnson
651-24-1839,Chris Jones
913-92-3227,Emily Davis
570-64-6269,Michael Garcia
857-55-7152,Emily Williams
766-83-8513,John Williams
579-55-5379,Jane Smith
217-23-4800,Jane Martinez
821-78-7605,Michael Johnson
403-29-9931,Alex Williams
927-54-3847,Laura Smith
747-25-6915,Michael Brown
902-82-2092,Alex Williams
370-37-4932,Chris Brown
836-88-9665,Jane Miller
117-46-7766,Chris Smith
500-65-4446,David Brown
548-52-4013,David Miller
456-78-3458,Michael Smith
925-33-5085,Laura Miller
623-31-5013,Alex Clark
932-32-1542,Michael Jones
257-99-5492,Sarah Williams
963-65-9162,David Miller
296-82-2423,Michael Clark
350-74-3226,Jane Martinez
696-36-6966,John Smith
399-96-3849,Jessica Davis
357-84-2781,Michael Brown
219-30-1280,Laura Davis
994-40-8910,Jane Williams
180-35-9191,Alex Garcia
363-16-4929,Jessica Clark
167-36-3503,Sarah Brown
959-61-6956,John Williams
482-87-8123,Emily Miller
218-54-8088,Alex Miller
102-55-3489,Alex Martinez
627-76-6398,David Davis
861-26-6223,Emily Brown
714-12-8072,Laura Smith
271-22-2672,Jessica Clark
535-69-9060,David Williams
861-70-3906,John Miller
555-95-7236,David Garcia
765-41-4508,Alex Clark
583-65-1208,Michael Garcia
235-25-9874,Alex Johnson
414-19-9404,David Miller
941-38-5562,Laura Jones
532-11-1777,Jane Clark
939-54-4850,Jane Garcia
717-92-3730,Michael Brown
923-78-2851,Alex Brown
369-81-7599,David Smith
342-10-5516,John Martinez
906-94-9283,David Davis
609-99-8342,Sarah Davis
525-33-2514,Michael Williams
354-42-1786,Chris Miller
822-14-4713,John Garcia
682-99-9515,Alex Martinez
702-47-8529,Chris Miller
900-38-9612,Jane Brown
154-81-6920,Laura Clark
956-22-1653,Chris Clark
858-21-5918,David Miller
534-70-6625,Chris Davis
922-47-7720,Emily Clark
400-91-6728,Sarah Davis
553-20-3117,Jessica Johnson
519-13-8623,Chris Miller
402-76-6642,Chris Jones
848-71-3477,John Garcia
631-92-1662,Emily Davis
414-77-7726,Jessica Williams
483-52-8833,Emily Smith
333-22-8459,Michael Garcia
340-65-9186,David Clark
437-89-4273,Emily Smith
223-12-4794,Jessica Garcia
809-82-9031,Chris Smith
589-92-5475,Michael Smith
693-36-4243,Sarah Garcia
954-24-6805,Chris Jones
475-53-7567,Jessica Williams
199-92-4033,Jane Martinez
897-43-9480,David Williams
898-15-3358,Jane Williams
189-70-3434,Michael Garcia
576-87-1698,Alex Smith
630-74-5637,Sarah Smith
592-56-3291,David Williams
456-43-6603,Michael Smith
641-48-5549,Chris Smith
339-92-4519,Laura Garcia
773-88-5832,Michael Garcia
931-44-9082,Jessica Davis
677-13-7888,Jessica Brown
746-69-7739,Jessica Williams
525-98-9152,John Brown
632-28-5879,Chris Martinez
305-59-1881,Michael Davis
234-47-7856,John Brown
568-30-5817,Jessica Smith
920-32-5717,John Smith
397-78-2708,Jane Garcia
857-16-6403,Jessica Johnson
253-98-1627,Emily Jones
948-86-4551,Laura Jones
457-46-6625,David Jones
393-73-5099,David Davis
259-38-4785,Jessica Johnson
695-46-4390,Sarah Williams
525-27-3847,Chris Jones
476-60-6826,Alex Smith
407-61-3785,David Clark
436-17-2961,Jessica Davis
654-67-7967,Laura Johnson
248-45-7239,Emily Miller
704-46-4867,Michael Miller
350-55-9604,John Clark
530-38-2395,Emily Miller
970-48-9761,Jessica Williams
838-89-5697,Sarah Garcia
164-94-2495,Emily Smith
321-31-8773,Jessica Miller
654-75-6302,Jessica Davis
229-82-2511,Chris Martinez
617-44-7593,Jane Smith
168-49-9779,Jessica Jones
196-95-4270,David Brown
343-36-1674,John Brown
693-24-4413,John Davis
712-58-2207,Sarah Brown
543-52-3999,Emily Miller
902-56-4175,Laura Smith
190-80-6988,John Garcia
119-53-6957,Laura Martinez
802-68-7360,Sarah Martinez
446-44-9738,Michael Garcia
696-13-9555,Michael Miller
783-31-9445,Jessica Smith
297-93-4612,David Jones
293-72-8774,Alex Clark
646-25-2272,Emily Garcia
678-48-1506,Emily Smith
572-91-6163,Alex Johnson
741-72-2098,John Smith
511-98-1770,Michael Williams
607-27-3343,Michael Garcia
743-54-4569,Chris Garcia
477-85-5378,Laura Davis
267-63-7321,Jane Williams
481-70-8178,David Williams
735-62-5307,Emily Martinez
470-49-4484,Alex Johnson
640-99-4249,David Brown
542-53-4058,Laura Miller
396-86-4724,Laura Davis
397-82-7219,Jane Martinez
204-67-8102,Jessica Smith
876-12-9489,Jane Clark
830-26-1173,Chris Clark
965-26-7915,Michael Clark
150-65-5302,Michael Jones
131-56-8723,Laura Miller
320-47-8467,John Williams
425-24-6113,John Miller
768-44-3168,Chris Williams
213-45-9491,Michael Brown
136-47-1861,Sarah Smith
444-16-3816,Alex Williams
261-62-3909,John Williams
939-14-2471,Laura Jones
404-36-4208,David Clark
445-86-9524,Jessica Jones
611-36-4322,Chris Davis
558-99-2976,David Jones
958-93-6727,Emily Jones
269-34-1702,David Johnson
853-28-9062,John Martinez
288-39-1878,Chris Clark
548-19-9617,Laura Martinez
600-54-1824,Michael Clark
619-74-7912,Sarah Miller
348-68-3226,Chris Williams
644-24-2505,David Clark
887-80-3626,Alex Brown
708-23-2919,Alex Brown
801-87-1007,Alex Jones
713-20-2171,Sarah Jones
935-72-2903,Jane Brown
938-29-1267,John Garcia
467-25-2201,Sarah Williams
986-59-3811,Michael Smith
854-41-5819,Alex Davis
101-88-1298,Jane Clark
421-97-1458,Chris Davis
910-11-6594,Michael Johnson
543-63-1935,Laura Smith
790-83-9558,Jane Clark
773-94-7252,Michael Martinez
482-93-7828,Emily Smith
896-41-5332,Laura Jones
967-72-7311,Michael Jones
381-88-2633,David Miller
590-94-5365,Michael Smith
770-40-7832,Chris Johnson
877-22-6773,Jane Brown
576-22-9191,Jessica Johnson
719-12-3473,Emily Martinez
109-37-1759,Sarah Miller
550-21-3798,John Garcia
711-65-4781,John Johnson
244-12-1308,Chris Martinez
827-88-3668,Jessica Clark
917-44-6302,Michael Smith
655-62-7216,Chris Garcia
592-58-6537,Jane Miller
832-17-9600,Jessica Martinez
582-74-1251,Jane Miller
682-32-3835,Michael Jones
633-42-4236,Emily Miller
955-18-2260,David Smith
108-31-4295,David Garcia
918-57-4677,Jane Garcia
717-99-8265,Jane Johnson
756-61-3916,Jane Brown
794-81-8908,Michael Garcia
362-64-1802,Laura Brown
413-42-6167,Michael Jones
778-46-4210,Jessica Jones
775-32-2934,Emily Davis
339-12-1127,Michael Davis
890-71-6273,David Johnson
292-21-3064,Chris Martinez
161-31-2531,John Williams
917-21-6682,John Brown
575-44-1218,John Williams
488-20-4291,Jane Brown
793-22-3677,Emily Garcia
391-62-1771,Emily Smith
157-96-5716,Sarah Martinez
631-41-6391,Laura Clark
593-17-3781,Chris Clark
492-55-2691,Laura Jones
950-41-9951,Alex Smith
432-20-4473,David Martinez
139-23-8227,Chris Williams
895-50-3824,David Martinez
851-84-4117,Sarah Garcia
134-79-6796,David Brown
356-41-4748,Jessica Martinez
560-23-3099,Jane Garcia
853-47-8371,Jessica Miller
612-33-5592,Sarah Johnson
893-63-5735,Alex Jones
157-73-3753,John Clark
808-78-8354,David Williams
205-71-7974,Jane Smith
414-83-9591,Laura Davis
137-10-5785,Sarah Martinez
776-64-7302,John Brown
352-94-6516,David Brown
394-36-3271,Jane Brown
116-41-3252,Sarah Martinez
807-54-8414,Chris Johnson
317-93-6359,Jessica Johnson
841-16-6243,Laura Davis
380-50-5695,Emily Brown
712-79-5876,Jane Martinez
485-34-5784,Sarah Johnson
216-23-8854,Jessica Brown
647-73-2663,John Jones
165-36-8049,Michael Davis
447-31-3308,Sarah Clark
108-36-2423,Laura Clark
822-33-6945,David Miller
109-14-7403,John Johnson
177-27-6814,John Clark
705-81-8401,Sarah Clark
969-70-7760,Alex Brown
665-28-9143,Emily Martinez
138-46-2159,Chris Smith
161-24-9462,John Jones
232-44-1334,Jane Miller
619-17-9542,David Clark
640-39-6040,Alex Martinez
452-74-2408,Chris Jones
475-51-1095,Emily Williams
818-11-8669,Emily Miller
145-50-4469,Laura Smith
731-75-6578,Laura Johnson
458-40-1367,Jane Jones
281-22-9933,Alex Brown
844-54-4581,Chris Davis
690-71-6034,Jessica Davis
241-87-4603,Chris Clark
974-99-3303,Alex Martinez
257-56-1890,Michael Garcia
938-73-4258,Sarah Martinez
236-38-3464,David Davis
237-97-7043,Alex Johnson
613-47-6966,Alex Miller
770-16-8024,David Garcia
144-39-8924,John Williams
944-71-7502,John Smith
311-10-4171,Jessica Davis
350-43-3746,Emily Smith
618-99-1680,Alex Davis
593-69-4388,Jane Williams
209-87-8410,Laura Brown
924-80-8564,Michael Smith
956-24-3842,Jane Clark
551-66-5065,Jessica Martinez
275-13-9074,Laura Davis
239-99-2162,Jessica Davis
309-56-2824,Jessica Martinez
992-82-5478,Emily Johnson
167-91-5009,Chris Davis
944-59-9002,David Johnson
525-49-8495,Laura Davis
918-33-3849,Sarah Brown
789-90-3572,Alex Jones
131-78-9335,David Johnson
605-71-7580,Emily Martinez
355-39-6015,Sarah Williams
698-26-4156,David Davis
190-74-5247,David Martinez
977-72-2368,Laura Davis
104-70-9148,Laura Davis
400-40-1390,Jessica Clark
441-21-6914,Jessica Miller
660-64-9180,Chris Johnson
287-87-4795,Laura Miller
686-64-3928,Michael Smith
271-50-3414,Jessica Miller
404-11-9866,John Clark
254-17-8926,Jessica Garcia
723-82-9456,Michael Clark
992-92-8838,Michael Garcia
277-61-8534,Jessica Williams
578-56-9471,Sarah Smith
782-70-7637,Laura Jones
708-20-4017,Michael Clark
329-78-6539,John Brown
747-16-4135,Chris Garcia
567-32-4351,Chris Brown
867-45-6308,Sarah Clark
729-53-8306,Emily Johnson
789-96-9723,Michael Davis
907-20-7678,Michael Johnson
305-85-4780,Jessica Miller
442-44-2055,Jane Garcia
981-21-6765,Michael Brown
471-75-9044,John Davis
817-22-5774,Laura Davis
631-69-8064,John Clark
594-29-9936,Jane Williams
708-10-1452,Laura Johnson
644-75-5440,Michael Johnson
243-96-4875,Jessica Williams
410-64-5490,Jessica Smith
147-83-2228,David Martinez
192-73-6500,Laura Williams
947-92-7258,Emily Jones
395-54-6691,Chris Garcia
937-31-4693,Jessica Miller
627-89-2485,Jessica Johnson
865-19-8166,Sarah Miller
914-85-4146,Laura Martinez
483-44-4103,Sarah Clark
277-67-6073,Alex Garcia
205-89-7488,Laura Garcia
777-94-9284,Michael Garcia
102-30-3340,Alex Davis
711-73-7872,John Davis
784-96-8437,David Smith
769-23-6140,Laura Johnson
616-28-7731,Alex Miller
968-31-1201,Sarah Brown
679-16-8182,Sarah Miller
361-92-7797,Chris Clark
521-71-1734,Emily Williams
796-38-1929,Michael Garcia
660-78-2920,Chris Miller
239-12-7283,John Clark
379-20-6628,Jessica Brown
387-84-1798,Laura Brown
574-48-5588,Michael Clark
153-40-5079,Jessica Jones
123-32-8450,Michael Williams
225-82-9613,David Williams
124-64-1537,Jane Miller
794-28-3902,Chris Clark
652-52-9680,Laura Davis
582-83-8242,Laura Smith
785-32-5437,Emily Williams
312-18-9961,Jessica Brown
900-30-1220,Emily Martinez
843-61-9537,Alex Johnson
207-24-7049,Jessica Martinez
569-24-4037,Michael Davis
411-54-4647,Laura Jones
244-17-9353,Alex Jones
203-71-9471,David Martinez
333-37-3584,David Johnson
657-28-6475,Chris Johnson
102-45-2572,Michael Clark
180-84-6287,Alex Williams
123-59-3020,Sarah Smith
166-27-6577,Alex Garcia
761-51-2639,Chris Miller
372-79-3297,Michael Miller
480-61-1299,Jane Johnson
183-76-9455,David Williams
340-30-8331,Jane Johnson
155-23-6300,Laura Johnson
127-70-4477,Sarah Williams
716-95-8671,Sarah Miller
102-68-4044,Jane Smith
250-48-4880,Jessica Clark
691-21-3075,Jane Brown
294-37-1535,Michael Davis
773-35-8545,Chris Williams
112-53-6946,Sarah Martinez
913-81-5652,Jessica Miller
665-84-3899,Jane Williams
702-50-4039,David Brown
104-86-4417,Jane Martinez
796-65-9351,Laura Martinez
810-13-4971,Emily Johnson
620-67-4326,Jane Miller
365-48-9364,Emily Davis
327-51-3020,Jessica Smith
672-53-8962,John Smith
507-49-9733,Chris Jones
432-22-4746,Alex Miller
328-50-9942,David Johnson
161-28-7337,Chris Jones
396-87-2232,Chris Miller
107-53-6524,Sarah Williams
250-51-9781,David Williams
276-42-7342,David Davis
857-16-4100,Michael Johnson
773-21-5179,Emily Miller
769-43-5845,Sarah Garcia
220-25-5497,Chris Williams
927-77-6141,Sarah Davis
355-25-6996,Jessica Garcia
303-30-7408,Chris Garcia
767-44-6552,Jane Jones
466-92-4386,Sarah Davis
244-77-4393,Jessica Davis
524-56-1310,Jessica Smith
943-22-4846,Emily Brown
128-15-4899,Sarah Davis
786-41-8090,John Brown
975-53-3317,Alex Johnson
661-58-8154,John Clark
739-36-8864,Jessica Jones
862-84-8732,Laura Brown
779-95-3551,Chris Jones
514-81-8697,David Williams
869-34-8806,John Miller
631-40-6094,Chris Davis
465-11-9498,Alex Brown
365-65-2628,John Garcia
272-79-8610,Jessica Williams
182-65-5770,Michael Miller
314-96-5407,David Martinez
385-25-6915,Jessica Johnson
855-44-7322,Jane Smith
469-68-8935,Michael Davis
119-72-6453,Chris Garcia
947-62-3833,Alex Williams
986-10-5821,Laura Jones
345-74-3180,Michael Smith
771-75-4711,Emily Davis
408-65-5735,Sarah Johnson
502-87-1432,John Davis
302-32-7714,David Williams
483-69-3294,Sarah Brown
204-69-5038,Alex Williams
392-38-9750,Jessica Miller
690-44-9498,Alex Jones
701-24-7174,Emily Clark
589-50-5698,Laura Smith
228-14-7382,David Martinez
976-31-2562,Sarah Brown
708-30-7581,Sarah Davis
437-78-5696,Alex Johnson
334-60-2582,Jessica Clark
693-58-9552,Alex Davis
450-45-2121,Emily Garcia
606-44-9184,Jessica Johnson
417-92-9808,John Jones
313-37-6106,David Smith
270-73-1714,Sarah Miller
879-31-9840,Sarah Williams
362-52-5659,Jane Williams
150-65-5243,Michael Smith
573-77-4054,Alex Williams
645-87-5361,Emily Williams
677-89-1524,Emily Williams
934-45-8893,John Clark
946-43-5052,Emily Martinez
235-85-5976,Emily Jones
631-17-8438,Alex Garcia
687-46-5279,Michael Davis
538-49-7430,Sarah Garcia
227-12-6514,Alex Jones
646-41-9056,Chris Martinez
123-30-4271,Michael Brown
330-22-3157,John Johnson
252-50-6199,Jessica Martinez
409-56-6195,John Miller
543-86-8361,Jessica Clark
516-30-9499,David Williams
958-10-6304,Chris Miller
598-78-7254,Emily Johnson
528-86-5937,John Jones
542-14-2548,Laura Miller
553-60-8308,David Miller
833-10-3188,Laura Smith
691-49-7439,Sarah Martinez
764-59-6936,Alex Miller
952-67-2411,Alex Miller
586-65-1692,David Martinez
604-94-2207,Sarah Johnson
808-67-5686,Laura Garcia
692-81-8472,David Johnson
158-91-8442,Laura Garcia
